country,iso_code,year,renewables_share_elec,solar_share_elec,wind_share_elec,hydro_share_elec
Afghanistan,AFG,2023,86.598,9.278,0.0,77.32
Albania,ALB,2023,100.0,3.33,0.0,96.67
Algeria,DZA,2023,0.945,0.903,0.021,0.021
American Samoa,ASM,2023,0.0,0.0,0.0,0.0
Angola,AGO,2023,76.421,2.174,0.0,73.969
Antigua and Barbuda,ATG,2023,5.556,5.556,0.0,0.0
Argentina,ARG,2023,34.767,2.208,9.747,21.197
Armenia,ARM,2023,27.977,8.902,0.0,19.075
Australia,AUS,2023,34.81,16.473,11.669,5.522
Austria,AUT,2023,84.82,9.666,11.7,57.057
Azerbaijan,AZE,2023,6.531,0.241,0.275,5.638
Bahrain,BHR,2023,0.249,0.249,0.0,0.0
Bangladesh,BGD,2023,1.62,1.008,0.0,0.612
Barbados,BRB,2023,8.182,8.182,0.0,0.0
Belarus,BLR,2023,3.075,0.528,0.436,0.895
Belgium,BEL,2023,33.451,9.531,18.819,0.487
Belize,BLZ,2023,88.889,2.222,0.0,53.333
Benin,BEN,2023,3.0,3.0,0.0,0.0
Bermuda,BMU,2023,1.562,0.0,0.0,0.0
Bhutan,BTN,2023,100.0,0.0,0.0,100.0
Bolivia,BOL,2023,35.008,2.931,3.685,24.874
Bosnia and Herzegovina,BIH,2023,39.182,1.186,1.541,36.218
Botswana,BWA,2023,0.386,0.386,0.0,0.0
Brazil,BRA,2023,88.995,7.15,13.529,60.159
British Virgin Islands,VGB,2023,0.0,0.0,0.0,0.0
Brunei,BRN,2023,0.0,0.0,0.0,0.0
Bulgaria,BGR,2023,25.131,8.776,4.014,7.679
Burkina Faso,BFA,2023,17.341,5.202,0.0,6.936
Burundi,BDI,2023,69.231,0.0,0.0,66.667
Cambodia,KHM,2023,44.517,5.81,0.0,38.635
Cameroon,CMR,2023,63.866,0.24,0.0,63.145
Canada,CAN,2023,65.397,1.31,6.316,56.243
Cayman Islands,CYM,2023,2.857,2.857,0.0,0.0
Chile,CHL,2023,64.401,20.6,10.79,26.577
China,CHN,2023,30.606,6.177,9.368,12.965
Colombia,COL,2023,65.97,1.25,0.066,62.143
Comoros,COM,2023,0.0,0.0,0.0,0.0
Congo,COG,2023,20.696,0.193,0.0,20.309
Costa Rica,CRI,2023,99.915,0.683,12.724,72.929
Cote d'Ivoire,CIV,2023,31.087,0.18,0.0,30.099
Croatia,HRV,2023,69.762,2.38,13.813,47.359
Cuba,CUB,2023,4.709,1.373,0.392,0.785
Cyprus,CYP,2023,20.151,15.631,3.578,0.0
Czechia,CZE,2023,14.708,3.812,0.937,3.113
Democratic Republic of Congo,COD,2023,100.0,13.836,0.0,85.975
Denmark,DNK,2023,86.445,10.762,57.365,0.059
Djibouti,DJI,2023,35.0,0.0,35.0,0.0
Dominica,DMA,2023,13.333,0.0,0.0,13.333
Dominican Republic,DOM,2023,17.264,5.537,4.886,5.985
East Timor,TLS,2023,0.0,0.0,0.0,0.0
Ecuador,ECU,2023,76.779,0.117,0.176,75.344
Egypt,EGY,2023,11.702,2.222,2.699,6.782
El Salvador,SLV,2023,90.615,19.077,2.154,30.923
Equatorial Guinea,GNQ,2023,31.21,0.0,0.0,31.21
Eritrea,ERI,2023,11.364,11.364,0.0,0.0
Estonia,EST,2023,49.744,12.308,13.504,0.342
Eswatini,SWZ,2023,96.429,5.357,0.0,53.571
Ethiopia,ETH,2023,100.0,0.219,3.067,96.495
Fiji,FJI,2023,63.478,0.87,0.0,52.174
Finland,FIN,2023,51.664,0.887,18.068,18.733
France,FRA,2023,26.622,4.371,9.297,10.815
Gabon,GAB,2023,47.962,0.0,0.0,47.649
Gambia,GMB,2023,0.0,0.0,0.0,0.0
Georgia,GEO,2023,76.042,0.0,0.625,75.417
Germany,DEU,2023,54.412,12.68,27.301,4.217
Ghana,GHA,2023,38.534,0.618,0.0,37.834
Gibraltar,GIB,2023,0.0,0.0,0.0,0.0
Greece,GRC,2023,49.724,18.206,22.363,7.823
Guatemala,GTM,2023,74.517,1.783,2.526,41.976
Guinea,GIN,2023,74.815,0.741,0.0,74.074
Guyana,GUY,2023,6.716,1.493,0.0,0.0
Honduras,HND,2023,61.571,8.881,5.892,33.134
Hong Kong,HKG,2023,0.956,0.531,0.0,0.0
Hungary,HUN,2023,26.351,19.51,1.774,0.619
Iceland,ISL,2023,100.0,0.0,0.05,70.08
India,IND,2023,19.317,6.052,4.279,7.787
Indonesia,IDN,2023,18.597,0.203,0.137,7.014
Iran,IRN,2023,6.473,0.178,0.317,5.974
Iraq,IRQ,2023,1.171,0.253,0.0,0.918
Ireland,IRL,2023,44.824,2.077,37.093,3.003
Israel,ISR,2023,10.509,9.367,0.994,0.0
Italy,ITA,2023,44.539,11.744,9.002,15.495
Japan,JPN,2023,22.137,9.572,0.989,7.403
Kazakhstan,KAZ,2023,12.73,1.646,3.328,7.747
Kenya,KEN,2023,89.836,4.535,15.715,20.876
Kuwait,KWT,2023,2.232,0.222,2.01,0.0
Kyrgyzstan,KGZ,2023,85.652,0.0,0.0,85.652
Laos,LAO,2023,76.711,0.153,0.0,76.482
Latvia,LVA,2023,77.708,3.768,4.082,59.498
Lebanon,LBN,2023,47.345,30.973,0.221,15.487
Liberia,LBR,2023,33.333,0.0,0.0,33.333
Libya,LBY,2023,0.028,0.028,0.0,0.0
Lithuania,LTU,2023,83.493,13.244,47.025,8.637
Luxembourg,LUX,2023,89.286,20.714,35.0,6.429
Malaysia,MYS,2023,19.159,1.725,0.0,16.778
Maldives,MDV,2023,7.059,7.059,0.0,0.0
Mali,MLI,2023,42.661,3.44,0.0,37.615
Malta,MLT,2023,13.617,13.191,0.0,0.0
Mauritius,MUS,2023,17.431,4.587,0.306,2.752
Mexico,MEX,2023,20.267,6.636,5.886,5.86
Moldova,MDA,2023,12.079,1.782,3.762,6.337
Mongolia,MNG,2023,9.608,2.402,6.448,0.759
Montenegro,MNE,2023,61.137,0.474,8.057,52.607
Morocco,MAR,2023,21.715,4.969,15.426,1.225
Mozambique,MOZ,2023,83.691,0.358,0.0,82.669
Myanmar,MMR,2023,38.186,0.428,0.0,36.707
Namibia,NAM,2023,97.884,26.984,1.058,69.841
Nauru,NRU,2023,0.0,0.0,0.0,0.0
Netherlands,NLD,2023,47.461,16.323,24.721,0.058
New Zealand,NZL,2023,87.642,0.844,8.003,59.667
Nicaragua,NIC,2023,64.531,0.686,12.815,14.874
Niger,NER,2023,2.5,2.5,0.0,0.0
Nigeria,NGA,2023,22.889,0.235,0.0,22.512
North Macedonia,MKD,2023,32.272,5.21,2.605,23.444
Norway,NOR,2023,98.469,0.234,9.028,89.044
Oman,OMN,2023,4.044,3.777,0.267,0.0
Pakistan,PAK,2023,28.982,5.399,3.54,18.983
Panama,PAN,2023,61.772,6.76,6.915,47.786
Papua New Guinea,PNG,2023,23.679,0.211,0.0,21.142
Paraguay,PRY,2023,100.0,0.0,0.0,99.458
Peru,PER,2023,53.063,1.56,3.779,46.792
Philippines,PHL,2023,21.942,2.115,1.088,8.642
Poland,POL,2023,27.236,6.756,14.053,1.465
Portugal,PRT,2023,74.497,11.171,28.578,26.066
Puerto Rico,PRI,2023,5.377,4.271,0.804,0.251
Qatar,QAT,2023,0.254,0.018,0.0,0.0
Romania,ROU,2023,49.798,3.916,13.257,31.853
Russia,RUS,2023,17.747,0.223,0.403,17.048
Rwanda,RWA,2023,56.604,3.774,0.0,52.83
Saint Vincent and the Grenadines,VCT,2023,13.333,0.0,0.0,13.333
Samoa,WSM,2023,40.0,13.333,0.0,20.0
Saudi Arabia,SAU,2023,1.1,0.729,0.37,
Senegal,SEN,2023,21.739,7.329,9.193,3.851
Serbia,SRB,2023,34.695,0.128,2.323,31.606
Seychelles,SYC,2023,14.286,12.698,1.587,0.0
Sierra Leone,SLE,2023,95.238,9.524,0.0,85.714
Singapore,SGP,2023,4.536,1.64,,
Slovakia,SVK,2023,22.723,2.066,0.0,15.882
Slovenia,SVN,2023,40.514,6.302,0.064,32.283
Solomon Islands,SLB,2023,9.091,9.091,0.0,0.0
Somalia,SOM,2023,19.048,16.667,2.381,0.0
South Africa,ZAF,2023,12.682,6.662,4.963,0.856
South Korea,KOR,2023,9.566,5.383,0.549,0.602
South Sudan,SSD,2023,6.78,6.78,0.0,0.0
Spain,ESP,2023,51.64,17.363,23.231,8.934
Sudan,SDN,2023,70.149,0.836,0.0,68.657
Suriname,SUR,2023,42.991,0.467,0.0,42.056
Sweden,SWE,2023,69.377,1.875,20.55,39.9
Switzerland,CHE,2023,62.348,6.982,0.252,55.114
Taiwan,TWN,2023,8.899,4.573,2.211,1.403
Tajikistan,TJK,2023,92.593,0.0,0.0,92.593
Tanzania,TZA,2023,25.501,0.273,0.0,24.59
Thailand,THA,2023,15.624,2.698,1.963,3.46
Togo,TGO,2023,20.652,11.957,0.0,8.696
Tonga,TON,2023,14.286,14.286,0.0,0.0
Trinidad and Tobago,TTO,2023,0.105,0.105,0.0,0.0
Tunisia,TUN,2023,3.946,2.302,1.597,0.047
Turkey,TUR,2023,42.009,5.754,10.594,19.926
Turkmenistan,TKM,2023,0.03,0.0,0.0,0.03
Turks and Caicos Islands,TCA,2023,0.0,0.0,0.0,0.0
United Arab Emirates,ARE,2023,8.757,8.595,0.036,
United Kingdom,GBR,2023,46.378,4.745,28.083,1.894
United States,USA,2023,22.679,5.617,9.9,5.619
United States Virgin Islands,VIR,2023,2.985,2.985,0.0,0.0
Uruguay,URY,2023,92.003,3.804,36.957,27.329
Uzbekistan,UZB,2023,9.246,0.59,0.0,8.656
Vanuatu,VUT,2023,25.0,12.5,0.0,12.5
Venezuela,VEN,2023,78.382,0.012,0.024,78.346
Vietnam,VNM,2023,42.941,9.288,4.19,29.148
Yemen,YEM,2023,16.938,16.938,0.0,0.0
Zambia,ZMB,2023,89.003,0.771,0.0,87.821
Zimbabwe,ZWE,2023,67.509,0.361,0.0,65.704
